Step,Loss,Gradient Norm
0,9.72042655945,0.287978261709
10,9.61295413971,0.551421523094
20,9.37571144104,0.900240898132
30,8.92524242401,1.43078541756
40,8.31145381927,1.88593542576
50,7.47477912903,2.32615804672
60,6.61646175385,2.61229300499
70,6.15591287613,1.95826363564
80,5.9902100563,1.2968467474
90,5.91603565216,1.21873950958
100,5.97148656845,1.12117123604
110,5.78520298004,1.14015507698
120,5.70312690735,1.13459038734
130,5.65199375153,1.02510762215
140,5.57465791702,0.984145343304
150,5.5650935173,0.95252263546
160,5.64011144638,0.99284952879
170,5.61440420151,0.847980260849
180,5.62001228333,0.87470549345
190,5.53867578506,0.991357147694
200,5.46957588196,0.911344468594
210,5.40764570236,0.883408427238
220,5.3888053894,0.781835079193
230,5.40237903595,0.876162469387
240,5.36921310425,0.932241678238
250,5.4232749939,0.802387356758
260,5.61974906921,0.824198186398
270,5.42270421982,0.764492809772
280,5.44026279449,0.802502334118
290,5.5730009079,0.78031951189
300,5.41204500198,0.747260868549
310,5.38899803162,0.784670650959
320,5.48164606094,0.746149837971
330,5.23908424377,0.887278735638
340,5.41204690933,1.02854526043
350,5.3413066864,0.906033873558
360,5.38745594025,0.71737998724
370,5.17102813721,0.858132004738
380,5.46661901474,0.874509930611
390,5.46267414093,0.816555380821
400,5.42940759659,0.824230849743
410,5.33908987045,0.89032304287
420,5.31494522095,0.80252301693
430,5.48670816422,0.75430226326
440,5.33812189102,0.874620318413
450,5.34627532959,0.715439617634
460,5.17704057693,0.725612521172
470,5.41292047501,0.712647140026
480,5.31176233292,0.724298238754
490,5.10350751877,0.735097825527
500,5.37894773483,0.784251272678
510,5.34384775162,0.917229235172
520,5.26220178604,0.766620695591
530,5.11605167389,0.713431239128
540,5.32450056076,0.82368850708
550,5.29309082031,0.913579702377
560,5.15116977692,0.867760658264
570,5.34396743774,0.816984832287
580,5.16384744644,0.714587748051
590,5.20477771759,0.821425557137
600,5.22405672073,0.781423270702
610,5.08731174469,0.769919395447
620,5.11146116257,0.737236261368
630,5.11803722382,0.657967865467
640,5.10596179962,0.70554959774
650,5.16912508011,0.739095509052
660,4.97371196747,0.87520301342
670,5.14788103104,0.733859539032
680,5.08913850784,0.735590100288
690,5.17957448959,0.770947158337
700,4.99481248856,0.69965159893
710,5.09107637405,0.72048842907
720,5.00577163696,0.735096693039
730,4.97736215591,0.894914746284
740,5.10076570511,0.82035446167
750,5.10262203217,0.965566754341
760,4.93047142029,0.722400188446
770,5.06293106079,0.87774759531
780,4.88485908508,0.787403285503
790,4.80898666382,0.713636934757
800,4.93679523468,0.755805373192
810,4.95203495026,0.709927022457
820,4.98086977005,0.710746824741
830,5.22374296188,0.891421854496
840,4.82942771912,0.876675844193
850,4.97453737259,0.752848982811
860,5.28013849258,0.769796431065
870,4.98918819427,0.65306866169
880,4.90559673309,0.778106033802
890,4.89189529419,0.853440523148
900,4.84516239166,0.782406151295
910,4.80674505234,0.648604512215
920,4.97837352753,0.833085477352
930,4.92793273926,0.789104282856
940,4.69089269638,0.713106751442
950,4.7107462883,0.865224540234
960,4.7164349556,0.73993897438
970,4.71275138855,0.738221943378
980,4.66265869141,0.730398774147
990,4.81451177597,0.831615388393
1000,4.72014760971,0.704826176167
1010,4.7532081604,0.760761857033
1020,4.68093204498,0.712573230267
1030,4.84723949432,0.834862947464
1040,4.68157243729,0.765858530998
1050,4.8567237854,0.713152945042
1060,4.91401195526,0.762100875378
1070,4.62214422226,0.668960213661
1080,4.73598957062,0.799304425716
1090,4.52563858032,0.672576546669
1100,4.79111909866,0.722981035709
1110,4.57738780975,0.85249453783
1120,4.57201242447,0.925946593285
1130,4.63630247116,0.771947324276
1140,4.59898233414,0.742015957832
1150,4.5398888588,0.743565380573
1160,4.45508337021,0.759686470032
1170,4.58188152313,0.84434646368
1180,4.61648035049,0.702151834965
1190,4.59476232529,0.803841650486
1200,4.6997961998,0.822679519653
1210,4.74354219437,0.739620685577
1220,4.39982509613,0.715481519699
1230,4.59497261047,0.749105453491
1240,4.63901376724,0.710642039776
1250,4.51080513,0.765522420406
1260,4.446164608,0.811261057854
1270,4.44469547272,0.831550061703
1280,4.75323963165,0.693022191525
1290,4.57689428329,0.706232607365
1300,4.29786777496,0.835575819016
1310,4.32856273651,0.733915328979
1320,4.25738954544,0.705293357372
1330,4.58060407639,0.79334706068
1340,4.45456981659,0.737921595573
1350,4.41731929779,0.77019327879
1360,4.58628177643,0.735197365284
1370,4.24847888947,0.734426796436
1380,4.58718299866,0.698017835617
1390,4.30858373642,0.789736092091
1400,4.26875066757,0.735151350498
1410,4.40460634232,0.710858881474
1420,4.38626241684,0.673630595207
1430,4.51994514465,0.814522743225
1440,4.4454498291,0.690312743187
1450,4.30317974091,0.762760460377
1460,4.28060626984,0.794307410717
1470,4.33346605301,0.739145874977
1480,4.2822728157,0.660639464855
1490,4.33909606934,0.731416404247
1500,4.50462436676,0.729801237583
1510,4.35924577713,0.694751799107
1520,4.13595151901,0.774667322636
1530,4.15533638,0.705159068108
1540,4.67768144608,0.820449471474
1550,4.30208158493,0.744003295898
1560,4.22398519516,0.734119951725
1570,4.33189868927,0.786960184574
1580,4.21528434753,0.724996507168
1590,4.27815103531,0.739936649799
1600,4.34882736206,0.743412613869
1610,4.27364206314,0.821012496948
1620,4.43786525726,0.695105195045
1630,4.15558290482,0.743662118912
1640,4.15349912643,0.789134323597
1650,4.346555233,0.807456612587
1660,4.27341842651,0.71261125803
1670,4.26262426376,0.781225383282
1680,4.44195222855,0.747073054314
1690,4.23830938339,0.747034549713
1700,4.62530612946,0.711898505688
1710,4.53437185287,0.790915191174
1720,4.27724885941,0.77637809515
1730,4.19532871246,0.811417102814
1740,4.41722631454,0.757949113846
1750,4.28702306747,0.811937868595
1760,4.5199713707,0.749641001225
1770,4.22380924225,0.740149438381
1780,4.25546169281,0.730518698692
1790,4.23909044266,0.699467599392
1800,4.28861999512,0.795858919621
1810,4.14543294907,0.738279819489
1820,4.00141906738,0.723502516747
1830,4.17486953735,0.76558727026
1840,4.52328681946,0.709502518177
1850,4.32352495193,0.732676386833
1860,4.02308702469,0.720017135143
1870,4.14239692688,0.816512525082
1880,4.10346078873,0.695336580276
1890,4.01657915115,0.746956765652
1900,4.15919971466,0.779886782169
1910,4.04748773575,0.782436728477
1920,4.00389909744,0.768671393394
1930,4.13140869141,0.769383370876
1940,4.04235315323,0.724541306496
1950,3.99423480034,0.717735648155
1960,4.071621418,0.726948857307
1970,4.23236608505,0.758883655071
1980,4.22247886658,0.741578519344
1990,4.06905984879,0.74234354496
2000,4.1546831131,0.798534691334
2010,3.94707918167,0.819933354855
2020,4.16626787186,0.748376309872
2030,4.2376241684,0.761109173298
2040,4.15552330017,0.737248003483
2050,3.94087028503,0.751556813717
2060,4.06112003326,0.795704245567
2070,4.09687995911,0.744749188423
2080,4.19196844101,0.723497331142
2090,4.21049690247,0.688504338264
2100,4.12373256683,0.76885664463
2110,4.17673063278,0.741829931736
2120,3.77200174332,0.967050373554
2130,3.91715359688,0.727982163429
2140,3.90392875671,0.818632364273
2150,4.09510612488,0.721125304699
2160,4.12579202652,0.784461081028
2170,3.84496283531,0.792485833168
2180,4.10156297684,0.890392720699
2190,4.13890028,0.823973596096
2200,4.16695356369,0.801230549812
2210,4.02926874161,0.802555680275
2220,4.13010406494,1.04542899132
2230,4.08044576645,0.751802325249
2240,4.31041097641,0.790973544121
2250,4.14801740646,0.725993275642
2260,3.86558365822,0.946760416031
2270,4.1319231987,0.789867997169
2280,4.11064863205,0.770284116268
2290,3.72981643677,0.773693919182
2300,3.78744459152,0.850342571735
2310,4.13747310638,0.840431034565
2320,4.02500724792,0.760445594788
2330,3.90787792206,0.778422653675
2340,4.04228019714,0.799582898617
2350,4.02949666977,0.855929434299
2360,3.98203253746,0.723429262638
2370,3.94775223732,0.74859815836
2380,3.99033665657,0.882497727871
2390,4.14165067673,0.862844765186
2400,4.02947378159,0.75877404213
2410,4.11837148666,0.830070376396
2420,3.86645698547,0.809354305267
2430,4.11472320557,0.815498292446
2440,3.95020890236,0.831449866295
2450,4.07032251358,0.828893840313
2460,4.0836558342,0.817058205605
2470,4.15847730637,0.855747699738
2480,4.20462799072,0.801352739334
2490,3.84657168388,0.767117798328
2500,4.05502605438,0.784332513809
2510,3.85196733475,0.783523797989
2520,3.85044503212,0.776682794094
2530,4.11374473572,0.738686382771
2540,3.8084321022,0.76799839735
2550,4.17611217499,0.861648023129
2560,3.81672954559,0.718229949474
2570,3.93337225914,0.815598428249
2580,3.74215292931,0.839684486389
2590,3.99143958092,0.796566486359
2600,3.68967938423,0.754773378372
2610,3.8033645153,0.753990352154
2620,4.0350484848,0.744297146797
2630,4.13278675079,0.939372837543
2640,3.71286249161,0.764754772186
2650,3.88200092316,0.814790487289
2660,3.96414446831,0.81176507473
2670,3.68294835091,0.79738420248
2680,3.80821943283,0.800124645233
2690,3.84923934937,0.773375630379
2700,4.09046459198,0.81507486105
2710,4.09402179718,0.866286695004
2720,3.74692773819,0.908061742783
2730,4.13855743408,0.828692018986
2740,3.74632453918,0.781418085098
2750,3.81710958481,0.764008879662
2760,3.85019826889,0.794631838799
2770,3.79802966118,0.828007996082
2780,4.04620552063,0.836557805538
2790,3.785987854,0.772258102894
2800,3.73648548126,0.813641011715
2810,3.92075681686,0.818345010281
2820,3.86880803108,0.854534268379
2830,3.6487390995,0.843032300472
2840,3.80323982239,0.933088183403
2850,3.80830979347,0.782075226307
2860,3.79118061066,0.805213987827
2870,3.89379549026,0.810472548008
2880,3.73677253723,0.77907449007
2890,3.98826670647,0.916983425617
2900,3.74110817909,0.774419903755
2910,3.75397276878,0.814822852612
2920,3.64302873611,0.75977575779
2930,3.81497359276,0.775258123875
2940,3.81948375702,0.791008412838
2950,3.67733359337,0.832682013512
2960,3.82674813271,0.771348655224
2970,3.68064594269,0.804765582085
2980,3.77661967278,0.819841146469
2990,4.05210971832,0.848646044731
3000,3.90525627136,0.818202376366
3010,3.84446907043,0.76323723793
3020,3.72152733803,0.911154150963
3030,3.86958456039,0.844412446022
3040,3.94755744934,0.763888955116
3050,3.67844605446,0.895704329014
3060,3.74555635452,0.791883409023
3070,4.00069856644,0.799115896225
3080,3.56482315063,0.83460021019
3090,3.55476427078,0.853478074074
3100,3.7231490612,0.811717450619
3110,3.71874499321,0.89606910944
3120,3.79520106316,0.936380267143
3130,3.91214346886,0.799439668655
3140,3.85022330284,0.777173757553
3150,3.86424231529,0.815671205521
3160,3.69367671013,0.794243514538
3170,3.92835736275,0.884362757206
3180,3.90994048119,0.803794562817
3190,3.63981175423,0.798709988594
3200,3.7567255497,0.824390649796
3210,3.74445390701,0.750513076782
3220,3.82160258293,0.81374257803
3230,3.87673425674,0.770952165127
3240,3.77517461777,0.808354854584
3250,4.15757036209,0.809411764145
3260,3.55116629601,0.815810680389
3270,3.77849435806,0.909824728966
3280,3.91435194016,0.821121275425
3290,3.63763523102,0.832590758801
3300,3.84338641167,0.809211432934
3310,4.06823635101,0.906874001026
3320,4.10345125198,0.835024118423
3330,3.57875776291,0.870109975338
3340,4.04550075531,0.836987912655
3350,3.73651003838,0.830414891243
3360,3.6361720562,0.837445855141
3370,3.80850124359,0.849248170853
3380,3.62884902954,0.863908112049
3390,3.57120990753,0.764902889729
3400,3.79419541359,0.833785116673
3410,3.85124802589,0.953945815563
3420,3.70374536514,0.826069176197
3430,3.5679295063,0.858607828617
3440,3.75183820724,0.828259706497
3450,3.35665440559,0.818343639374
3460,3.63133430481,0.777884423733
3470,3.6307914257,0.906588256359
3480,3.73641490936,0.853345394135
3490,3.53882050514,0.861782431602
3500,3.69763684273,0.84061217308
3510,3.6993355751,0.799621403217
3520,3.79716467857,0.896760582924
3530,3.53504896164,0.86344563961
3540,3.52873873711,0.844867229462
3550,3.71827244759,0.770605683327
3560,3.73386359215,0.92673689127
3570,3.80749702454,0.793952941895
3580,3.77539229393,0.798984229565
3590,3.65307331085,0.827129900455
3600,3.68162870407,0.84678965807
3610,3.66952514648,0.857082366943
3620,3.68719792366,0.870831549168
3630,3.74359083176,0.854622781277
3640,3.77238845825,0.820979893208
3650,3.59347748756,0.775938749313
3660,3.84966993332,0.866735398769
3670,3.60262322426,0.802139341831
3680,3.62125658989,0.80762720108
3690,3.55765104294,0.849839150906
3700,3.72453641891,0.798655390739
3710,3.56023168564,0.878561377525
3720,3.55170631409,0.796304106712
3730,3.65339446068,0.866309702396
3740,3.4866836071,0.821850657463
3750,3.7153673172,0.906491160393
3760,3.55146765709,0.830660164356
3770,3.65893626213,0.829529285431
3780,3.55294919014,0.870846033096
3790,3.47774815559,0.841100335121
3800,3.80973887444,0.913386762142
3810,3.48721504211,0.886765658855
3820,3.75254011154,0.769870102406
3830,3.6819319725,0.897483706474
3840,3.34154057503,0.84096121788
3850,3.57384133339,0.927782714367
3860,3.80888032913,0.856829226017
3870,3.53654432297,0.763047277927
3880,3.45977663994,0.842635095119
3890,3.62976765633,0.878757476807
3900,3.40032958984,0.815249681473
3910,3.65665078163,0.878817796707
3920,3.7538588047,0.917283117771
3930,3.32324361801,0.843519568443
3940,3.6351621151,0.882260918617
3950,3.70304393768,0.901072978973
3960,3.46898794174,0.877509951591
3970,3.70281171799,0.93913680315
3980,3.40907645226,0.880253255367
3990,3.84276294708,1.02894675732
4000,3.66258525848,0.872745454311
4010,3.30723690987,0.82842028141
4020,3.71026325226,0.783515751362
4030,3.58581924438,0.815859377384
4040,3.57675361633,0.796928226948
4050,3.55909562111,0.936076402664
4060,3.53838825226,0.901195824146
4070,3.70927429199,0.833337843418
4080,3.39440274239,0.8009121418
4090,3.43413162231,0.881721615791
4100,3.54291820526,0.842761695385
4110,3.65854907036,0.837937057018
4120,3.49099874496,0.83685106039
4130,3.70763254166,0.868856072426
4140,3.60700416565,0.840312063694
4150,3.38863277435,0.846459627151
4160,3.63711428642,0.907927632332
4170,3.55662059784,0.874436557293
4180,3.78230857849,0.926906645298
4190,3.5344312191,0.839809000492
4200,3.65795588493,0.925438821316
4210,3.71694207191,0.855396568775
4220,3.52223134041,0.833245158195
4230,3.59651756287,0.83348762989
4240,3.79741692543,0.902258515358
4250,3.50709056854,0.888003587723
4260,3.63907814026,0.899607658386
4270,3.56579899788,0.860311985016
4280,3.64921998978,0.831515789032
4290,3.68421053886,0.925772190094
4300,3.24716567993,0.891629576683
4310,3.50886917114,0.827238559723
4320,3.59940099716,0.850095331669
4330,3.65602636337,0.896459579468
4340,3.55367875099,0.933663129807
4350,3.45552873611,0.849997699261
4360,3.51415491104,0.913967132568
4370,3.49966335297,0.910624206066
4380,3.48015666008,0.930245518684
4390,3.53736281395,0.864088356495
4400,3.46746706963,0.84482562542
4410,3.48293757439,0.932720124722
4420,3.77475690842,0.861998617649
4430,3.52544331551,0.872689008713
4440,3.52878403664,0.8761703372
4450,3.54635858536,0.852013170719
4460,3.44912862778,0.843970417976
4470,3.49697542191,0.835885465145
4480,3.53091049194,0.908164441586
4490,3.7816286087,0.922946333885
4500,3.65871334076,0.942101657391
4510,3.78748440742,0.892189443111
4520,3.58603930473,1.16424381733
4530,3.42589902878,0.806491851807
4540,3.57037591934,0.911590993404
4550,3.55583071709,0.967173397541
4560,3.39248228073,0.871088981628
4570,3.62551474571,0.903599381447
4580,3.50444555283,0.915787100792
4590,3.64288949966,0.907574534416
4600,3.59940552711,0.87572067976
4610,3.56229901314,0.85705691576
4620,3.67909789085,0.845020711422
4630,3.71623897552,0.912320137024
4640,3.46212482452,0.848135232925
4650,3.56690430641,0.862595319748
4660,3.29994559288,0.842264831066
4670,3.42482423782,1.01697087288
4680,3.47688746452,0.976171791553
4690,3.16000819206,0.886082470417
4700,3.64437556267,0.904751002789
4710,3.2839422226,0.877997279167
4720,3.34160327911,0.889401376247
4730,3.5435192585,1.01382374763
4740,3.34918427467,0.902688264847
4750,3.42849588394,0.924088597298
4760,3.41209483147,0.884348154068
4770,3.47612667084,0.914542973042
4780,3.48200464249,1.02924966812
4790,3.27426123619,0.856290459633
4800,3.3999209404,0.945220530033
4810,3.29032325745,0.910004675388
4820,3.61430978775,0.895784676075
4830,3.31331682205,0.994308173656
4840,3.31398892403,0.868635416031
4850,3.56459212303,0.894180417061
4860,3.44323992729,0.914703190327
4870,3.51565766335,0.965361535549
4880,3.61790060997,0.882448971272
4890,3.557254076,0.887223601341
4900,3.39284896851,0.907230436802
4910,3.40963220596,0.929133653641
4920,3.25952005386,0.957554340363
4930,3.43204283714,0.89219635725
4940,3.3547539711,0.949902713299
4950,3.15736079216,0.991683959961
4960,3.44878435135,0.903980910778
4970,3.39694452286,0.871214807034
4980,3.40010762215,0.933291018009
4990,3.50435853004,0.84346562624
5000,3.52992725372,0.900396049023
5010,3.66563010216,0.902547061443
5020,3.34191036224,0.934354364872
5030,3.31756663322,0.840838015079
5040,3.0251326561,0.956899285316
5050,3.59513759613,0.918485045433
5060,3.24088215828,0.970766842365
5070,3.46530580521,0.861540675163
5080,3.13397455215,0.970109641552
5090,3.15090560913,0.91186439991
5100,3.28529238701,0.874579846859
5110,3.32607030869,0.914106309414
5120,3.29346346855,0.851041972637
5130,3.19718122482,0.880005180836
5140,3.56927371025,0.933574736118
5150,3.31906986237,0.894232213497
5160,3.40640330315,0.900740146637
5170,3.34511256218,0.912806093693
5180,3.56209206581,0.890637993813
5190,3.37409543991,0.902883112431
5200,3.4827849865,0.968395709991
5210,3.56241869926,0.920869708061
5220,3.4760158062,1.00528883934
5230,3.59311270714,0.966145634651
5240,3.2934627533,0.87182456255
5250,3.18894600868,0.913502275944
5260,3.74423933029,1.0217884779
5270,3.30112838745,1.02102780342
5280,3.12994194031,0.837645471096
5290,3.54493737221,0.898796021938
5300,3.18017196655,0.880833685398
5310,3.37238001823,0.981205761433
5320,3.34633183479,0.921781659126
5330,3.43822169304,1.10977840424
5340,3.55463504791,0.875435233116
5350,3.31859493256,0.900667905807
5360,3.41129136086,0.906533002853
5370,3.46213889122,0.857729196548
5380,3.49312925339,0.964548408985
5390,3.57100224495,0.919700682163
5400,3.40277171135,0.977852165699
5410,3.20551347733,0.935309648514
5420,3.39704179764,0.946020305157
5430,3.29395246506,7.12067890167
5440,3.29436349869,0.932079017162
5450,3.48253512383,1.02636682987
5460,3.52600693703,0.90234285593
5470,3.39090657234,0.839826285839
5480,3.41726875305,0.891504645348
5490,3.47673559189,0.901433885098
5500,3.58288860321,0.938639938831
5510,3.41753435135,0.879595994949
5520,3.45664858818,0.875044643879
5530,3.40787601471,0.911933422089
5540,3.33252310753,0.944194197655
5550,3.58555960655,0.901567935944
5560,3.31864690781,0.923143863678
5570,3.45795321465,0.89798104763
5580,3.37376570702,0.944389164448
5590,3.40776920319,0.852711200714
5600,3.45617675781,0.923889398575
5610,3.33407688141,0.983083963394
5620,3.30468320847,0.860554814339
5630,3.36211943626,0.93841189146
5640,3.22699737549,0.971059799194
5650,3.57702207565,0.983436286449
5660,3.39121103287,0.87835842371
5670,3.31499361992,0.924167573452
5680,3.24411559105,0.899530291557
5690,3.18921160698,0.882134735584
5700,3.30999517441,0.875324189663
5710,3.31630396843,0.89335000515
5720,3.1704211235,0.924668371677
5730,3.18721365929,0.983154594898
5740,3.45516848564,1.07318139076
5750,3.38462638855,0.890346109867
5760,3.17603683472,0.966015338898
5770,3.34220266342,0.897831380367
5780,3.29936361313,0.970790445805
5790,3.35959339142,0.895174145699
5800,3.29533147812,0.977219343185
5810,3.22216439247,0.976049363613
5820,3.28983545303,1.02198374271
5830,3.29754137993,0.831463158131
5840,3.33377623558,0.951808094978
5850,3.35899448395,0.896255970001
5860,3.26744174957,0.964858531952
5870,3.23426795006,0.936800301075
5880,3.40712356567,0.93175137043
5890,3.02306628227,0.899063229561
5900,3.37311220169,0.879717350006
5910,3.55700945854,0.984163105488
5920,3.10970568657,0.888953447342
5930,3.44923996925,0.961615264416
5940,3.21960115433,0.881475269794
5950,3.36703920364,0.930820941925
5960,3.59341335297,0.904604017735
5970,3.45040535927,1.00413024426
5980,3.3840072155,0.97103279829
5990,3.40263152122,0.954022288322
6000,3.42712044716,1.02860915661
6010,3.40951943398,0.94114357233
6020,3.37779045105,1.00148224831
6030,3.22345089912,0.929211258888
6040,3.24336218834,0.925410449505
6050,3.23178052902,0.897624909878
6060,3.23430275917,0.956577003002
6070,3.2368080616,0.912725448608
6080,3.26240038872,0.941809773445
6090,3.09902858734,0.8795093894
6100,3.17939972878,0.961130321026
6110,3.01144385338,0.854445815086
6120,3.12379813194,0.933354437351
6130,3.2718732357,1.00828063488
6140,3.25909280777,0.963070392609
6150,3.1075489521,1.00698876381
6160,3.47489333153,1.02285420895
6170,3.50103974342,0.942662060261
6180,3.34033942223,0.958052098751
6190,3.25478124619,0.953635632992
6200,3.32179450989,0.88903605938
6210,3.05142974854,0.958347678185
6220,3.36104393005,0.933032691479
6230,3.18752026558,0.937603294849
6240,3.30981469154,0.961113750935
6250,3.24966835976,0.971445262432
6260,3.25343990326,0.909823417664
6270,3.4029276371,0.910296082497
6280,3.48581027985,0.894305348396
6290,3.55888032913,0.944819569588
6300,3.40952372551,1.07414138317
6310,3.32747006416,0.941670119762
6320,3.45633625984,1.01035296917
6330,3.24783205986,0.985163509846
6340,3.37203097343,0.896054089069
6350,3.19538545609,0.958197236061
6360,3.3977162838,0.9372356534
6370,3.6382651329,0.976573169231
6380,3.25505518913,1.03443467617
6390,3.36524558067,1.01813364029
6400,3.06119632721,0.987581729889
6410,3.28804421425,1.02596640587
6420,3.13611745834,0.965814173222
6430,3.29063987732,0.977486908436
6440,3.35929250717,0.927576363087
6450,3.29294681549,0.98233371973
6460,3.31066012383,0.900981724262
6470,3.20742082596,0.919473588467
6480,3.43109345436,0.986292004585
6490,3.10385942459,0.921343266964
6500,3.10242986679,0.948943436146
6510,3.4901163578,0.938361227512
6520,3.1669857502,0.951211452484
6530,3.41898298264,0.995396435261
6540,3.15027832985,0.889309644699
6550,3.32478880882,0.971881866455
6560,3.21450233459,0.973258376122
6570,3.16103696823,0.912073493004
6580,3.29257488251,0.984564006329
6590,3.29081439972,1.03146886826
6600,3.22391319275,1.05057191849
6610,3.2906999588,0.993436455727
6620,3.02178621292,0.95849519968
6630,3.30230402946,0.97126686573
6640,3.24085855484,0.934110045433
6650,2.98778820038,0.886738061905
6660,3.2458012104,1.0028270483
6670,3.35240864754,0.979477226734
6680,3.35668087006,1.02140808105
6690,3.47596478462,0.989351570606
6700,2.98926067352,0.935324192047
6710,3.22806024551,0.932434976101
6720,3.09546113014,0.959135353565
6730,3.25778484344,0.901276528835
6740,3.34788370132,0.916854143143
6750,3.29621720314,0.887469530106
6760,3.20433616638,1.06126821041
6770,3.39378738403,0.982626080513
6780,3.40998363495,1.08320641518
6790,3.29465413094,0.940468370914
6800,3.04849171638,1.00433504581
6810,3.05190849304,0.972127735615
6820,3.04556179047,0.974846124649
6830,3.1224091053,0.985400736332
6840,3.16141581535,1.02385890484
6850,3.29178953171,0.941461503506
6860,3.13349556923,1.00862205029
6870,3.20809364319,0.959504783154
6880,3.07118582726,1.0962677002
6890,3.27576255798,0.975948929787
6900,3.09974765778,0.953790843487
6910,3.1764793396,0.963703453541
6920,3.28041291237,1.14542067051
6930,3.29806256294,0.990071952343
6940,3.10768675804,0.959936797619
6950,3.01377058029,0.922967076302
6960,3.37382936478,1.04716169834
6970,3.32656216621,0.963377177715
6980,3.402541399,0.99573802948
6990,3.33890795708,1.00632417202
7000,3.1671102047,0.975021481514
7010,2.96205234528,0.957108855247
7020,3.30194664001,1.01983988285
7030,3.21703720093,0.952259063721
7040,3.29310774803,0.983608782291
7050,3.42318797112,0.974779009819
7060,3.16031908989,0.886799514294
7070,3.19510316849,0.923078417778
7080,3.10881257057,1.06221711636
7090,3.39170908928,0.966519355774
7100,3.26210379601,1.07088947296
7110,3.34040284157,0.96309620142
7120,3.04114556313,0.939231395721
7130,3.42365503311,0.982124626637
7140,3.15589427948,0.98429274559
7150,3.41913318634,1.01331043243
7160,3.28083395958,1.01402544975
7170,3.32489967346,0.990660607815
7180,3.11467862129,0.988843917847
7190,3.17223763466,1.04850435257
7200,3.21941518784,1.0054923296
7210,3.3173418045,1.04965507984
7220,3.38907194138,1.06848573685
7230,3.2413175106,0.942167103291
7240,3.11029887199,0.979549050331
7250,3.37993621826,0.957087516785
7260,3.27414488792,1.00387477875
7270,3.22385382652,1.00716137886
7280,3.13267922401,0.934119343758
7290,3.34433484077,1.00132799149
7300,3.04242730141,1.00821614265
7310,3.24298930168,1.02608013153
7320,2.94058299065,1.0394705534
7330,3.26684093475,0.928136467934
7340,3.38204884529,0.972311139107
7350,3.14041852951,0.971575021744
7360,3.26553297043,1.05306506157
7370,3.36962604523,1.06887280941
7380,3.3185968399,0.984383940697
7390,3.30328559875,1.04100012779
7400,3.19047999382,1.09185290337
7410,3.21921873093,0.949316859245
7420,3.04305791855,0.926294922829
7430,3.39262604713,1.00701832771
7440,3.01288080215,1.081797719
7450,2.94080495834,0.946420252323
7460,3.26218986511,1.00332891941
7470,2.89008641243,0.99008756876
7480,3.09730148315,0.90751105547
7490,2.92156887054,0.913414895535
7500,3.23978614807,1.02398824692
7510,3.15019369125,198.726623535
7520,3.09647893906,1.03025150299
7530,3.03130316734,0.995477855206
7540,3.30412149429,1.10351026058
7550,2.915548563,0.971279263496
7560,3.29201745987,1.08139324188
7570,3.14932608604,1.08387482166
7580,3.42372822762,1.03293156624
7590,3.36267614365,0.973831295967
7600,3.05539894104,0.916182816029
7610,3.24284863472,0.962347567081
7620,3.16355872154,1.07538354397
7630,3.27501893044,1.03567016125
7640,3.34418463707,0.980506002903
7650,3.06383252144,1.03647780418
7660,3.19258737564,0.996912240982
7670,3.22743082047,0.951456844807
7680,2.98683691025,0.964050173759
7690,3.22322630882,1.04895162582
7700,3.16901731491,1.00637996197
7710,3.51853084564,1.12916529179
7720,3.17296147346,0.987955451012
7730,3.25959229469,1.02832245827
7740,2.98596763611,1.02535641193
7750,3.19555950165,1.12776768208
7760,3.18154859543,0.945922195911
7770,3.20880150795,1.03772032261
7780,3.10390233994,1.02811229229
7790,3.22743558884,1.01420152187
7800,3.03229904175,0.945011079311
7810,3.17676138878,1.00214374065
7820,3.38477158546,1.0516551733
7830,3.08804249763,1.06540298462
7840,3.24358010292,1.03620421886
7850,3.17783164978,0.95008701086
7860,3.08846330643,1.00069892406
7870,3.12915754318,0.936607420444
7880,3.20762968063,1.04536056519
7890,3.25199699402,0.956204950809
7900,3.08863258362,1.04625713825
7910,3.17301368713,1.18096995354
7920,3.24774932861,1.05215001106
7930,3.05334115028,1.07965242863
7940,2.91152691841,0.9671895504
7950,2.97552418709,1.07452535629
7960,3.15170717239,1.11925065517
7970,2.9985127449,0.958965599537
7980,3.09014296532,1.0680488348
7990,3.1732442379,1.02612364292
8000,3.27357244492,1.02535164356
8010,2.9921309948,0.953899860382
8020,3.16880106926,1.07303106785
8030,3.00146889687,1.0755443573
8040,3.30446887016,0.959086477757
8050,3.00362443924,1.09145700932
8060,3.29653358459,1.02124643326
8070,3.03198695183,0.980443358421
8080,3.14490175247,0.916574776173
8090,3.27789163589,1.01353037357
8100,3.1754348278,0.943587064743
8110,3.13144087791,1.05661642551
8120,3.17518401146,1.06060624123
8130,3.23519659042,1.06952691078
8140,2.96647977829,1.09649252892
8150,3.09952831268,1.00958716869
8160,3.2200012207,1.08556818962
8170,3.1176674366,1.00209116936
8180,3.14518284798,1.02149057388
8190,3.32150292397,0.985347151756
8200,3.07870078087,0.987645983696
8210,3.14854049683,0.963742315769
8220,3.05338072777,1.03295731544
8230,3.09803462029,1.00590062141
8240,3.38146495819,1.04476177692
8250,3.10353803635,1.06143331528
8260,2.99619579315,0.98884922266
8270,3.20784044266,1.02980995178
8280,3.04291582108,0.994821310043
8290,3.16171431541,1.08734881878
8300,3.25208044052,1.03152728081
8310,3.26122117043,1.08475780487
8320,3.03013682365,0.956472933292
8330,2.96958136559,1.00882804394
8340,3.04700040817,1.0579431057
8350,2.83882665634,0.963475704193
8360,3.06656169891,1.05404865742
8370,3.1327753067,1.05162978172
8380,3.11850261688,1.06889593601
8390,3.07012724876,1.00393390656
8400,3.00075149536,0.966046690941
8410,3.22991633415,1.02177512646
8420,3.1513261795,0.962424993515
8430,3.10870242119,1.01125025749
8440,3.28081917763,1.09019851685
8450,2.9663875103,1.03381800652
8460,3.29311013222,0.980862379074
8470,3.02111101151,0.939128577709
8480,3.28993368149,1.03179311752
8490,3.24986767769,1.0780159235
8500,3.27108979225,1.08787250519
8510,2.99454283714,1.01971423626
8520,3.40715360641,1.15404224396
8530,2.92813587189,1.0308226347
8540,2.89584612846,1.0331915617
8550,3.21073102951,1.06466078758
8560,3.13370013237,1.0282882452
8570,3.06812477112,0.966784238815
8580,3.02299547195,1.02385818958
8590,3.15929174423,1.07611608505
8600,3.22125983238,1.03720998764
8610,3.16073226929,1.04538011551
8620,3.00915932655,0.928187429905
8630,3.1237347126,1.02345168591
8640,3.17620921135,1.00836598873
8650,3.04348826408,0.997825145721
8660,2.8802986145,0.989257097244
8670,3.12616539001,1.03051280975
8680,3.19113993645,1.1226246357
8690,3.05461025238,1.09992921352
8700,2.99207210541,0.99987590313
8710,3.13782453537,0.971179127693
8720,3.19343924522,0.987496674061
8730,3.10895395279,1.10641670227
8740,3.17392683029,1.09530067444
8750,3.25820708275,1.01770436764
8760,3.25951361656,1.08100390434
8770,2.86559247971,1.13281464577
8780,3.15117740631,0.992150843143
8790,3.07096171379,1.03963601589
8800,3.00127053261,1.06034135818
8810,2.9952750206,1.00882709026
8820,2.87254691124,1.06424081326
8830,3.06941318512,1.04866933823
8840,3.01197862625,0.98653280735
8850,3.21800017357,1.03410828114
8860,3.01454997063,1.04250264168
8870,3.24133229256,1.18156611919
8880,2.93919706345,1.14891278744
8890,3.18280267715,1.05595374107
8900,3.21327424049,1.17064464092
8910,3.19788718224,1.16353332996
8920,3.05233955383,1.12413537502
8930,3.02341961861,1.11294996738
8940,2.95623803139,1.05086874962
8950,3.11692762375,1.10103583336
8960,3.2908809185,1.1457734108
8970,2.9592871666,1.03036832809
8980,3.14987587929,1.13629639149
8990,2.95930957794,1.06016743183
9000,3.16308617592,1.03733074665
9010,3.1564950943,1.0526945591
9020,3.12482142448,1.09017264843
9030,2.95946264267,1.083288908
9040,2.94313097,1.07790768147
9050,2.87607526779,0.972191631794
9060,3.19451737404,1.02477324009
9070,3.05281162262,1.007350564
9080,3.11309838295,1.01713144779
9090,3.2660317421,1.09522926807
9100,3.05245637894,1.0425786972
9110,3.06559944153,0.968143522739
9120,3.20052981377,1.08183574677
9130,3.16399335861,1.17048692703
9140,3.36401224136,1.0963742733
9150,3.07435774803,1.04066765308
9160,2.93873882294,1.10019278526
9170,3.22516703606,1.06002295017
9180,3.13991856575,1.01391613483
9190,2.90511393547,0.986461758614
9200,3.02469301224,1.10295057297
9210,2.88947939873,0.983327567577
9220,3.15659499168,1.14887571335
9230,3.28342580795,1.03185999393
9240,3.04000306129,1.00602579117
9250,3.0958712101,1.01028287411
9260,3.17160248756,0.992693066597
9270,3.04246020317,1.06084597111
9280,3.14469909668,1.00494229794
9290,2.79549503326,0.99419927597
9300,2.90742611885,1.00297605991
9310,2.8259036541,1.01826643944
9320,3.01018452644,1.04234719276
9330,2.96393322945,1.0526971817
9340,2.9478430748,0.959347307682
9350,3.04151058197,1.01246607304
9360,3.11202788353,1.10042059422
9370,2.90474295616,1.0760589838
9380,3.23512911797,1.01356065273
9390,2.98185634613,1.13370144367
9400,3.06209087372,1.09404325485
9410,3.00592207909,1.00152754784
9420,2.86853671074,0.986388921738
9430,2.87598752975,1.11687219143
9440,2.96270895004,1.08933722973
9450,2.99545645714,1.13108348846
9460,3.03017926216,1.1538028717
9470,2.76719474792,1.0213341713
9480,3.0610063076,1.22827374935
9490,3.00020670891,1.11227571964
9500,3.06507658958,1.0887876749
9510,3.00576996803,1.12574887276
9520,3.09729766846,1.1091902256
9530,2.89060592651,0.995802879333
9540,3.04263067245,1.06686329842
9550,3.10182476044,1.00091719627
9560,3.11040997505,1.10165166855
9570,2.87792038918,1.02617800236
9580,2.89256572723,1.17754149437
9590,3.07141089439,1.05516505241
9600,2.90832591057,1.06295585632
9610,3.15873146057,1.07964301109
9620,3.08183145523,1.12862813473
9630,3.04354667664,1.04963672161
9640,2.86266112328,1.0454095602
9650,2.83166837692,1.09191191196
9660,2.95525336266,1.11332452297
9670,3.0499317646,1.06835353374
9680,3.1418941021,1.1167743206
9690,2.96180343628,1.04636394978
9700,3.15259575844,1.14990818501
9710,3.21162366867,1.08344805241
9720,2.95582103729,1.07538640499
9730,2.99194025993,1.00685286522
9740,2.92125630379,1.14597225189
9750,2.83237886429,1.04815351963
9760,2.95429682732,1.05254840851
9770,3.08658456802,1.0501023531
9780,2.7939646244,0.973109602928
9790,2.90136027336,1.10517692566
9800,2.91643643379,1.14459979534
9810,2.77633285522,1.15230619907
9820,3.0605609417,1.04264986515
9830,3.16522955894,1.04889845848
9840,3.1246483326,1.02976036072
9850,3.17164826393,1.19029915333
9860,3.11137580872,1.10049259663
9870,3.10864758492,1.11357009411
9880,3.15870118141,1.08089947701
9890,3.07592535019,1.08599281311
9900,3.02500939369,1.0699839592
9910,2.94701957703,1.00003600121
9920,3.01863837242,1.04910969734
9930,2.87084054947,1.07224476337
9940,2.98227620125,1.0873452425
9950,3.17082977295,1.11016726494
9960,2.88651180267,1.04489529133
9970,3.13961815834,1.10295176506
9980,2.95959424973,1.05855381489
9990,2.78154945374,1.13761651516
10000,3.10212922096,1.08774673939
10010,3.14755582809,1.14121377468
10020,3.11260771751,1.03507423401
10030,3.27489280701,1.0593764782
10040,3.00854086876,1.03383171558
10050,3.03106665611,1.12749946117
10060,3.01720881462,1.13871765137
10070,2.95647215843,1.11272311211
10080,3.24755263329,1.06560528278
10090,2.75244998932,1.03008782864
10100,3.03101587296,1.07493817806
10110,2.97512626648,1.1081032753
10120,3.2344326973,1.07379305363
10130,3.00365591049,1.14125680923
10140,3.07566356659,1.08587408066
10150,3.01363515854,1.04384529591
10160,3.07690787315,1.10286676884
10170,3.09133338928,1.0326911211
10180,3.0998942852,1.04373574257
10190,3.00703907013,1.05703318119
10200,2.94960474968,1.05006659031
10210,2.92694354057,1.04424083233
10220,2.96378231049,1.16396474838
10230,2.9263792038,1.1279758215
10240,2.79760956764,1.07354140282
10250,2.93122673035,1.160415411
10260,2.74881052971,1.10498607159
10270,3.18341326714,1.09593057632
10280,2.87095427513,1.10002720356
10290,2.87239027023,1.05549311638
10300,2.92591381073,1.12996411324
10310,2.99209976196,1.07120501995
10320,2.83535575867,1.04981660843
10330,2.94438123703,1.04005098343
10340,3.08569693565,1.19511044025
10350,2.96390485764,1.10453426838
10360,3.04325675964,1.1625893116
10370,2.69609951973,1.02108860016
10380,2.97601032257,1.10756242275
10390,2.81661772728,1.19200408459
10400,2.99514102936,1.19499850273
10410,2.81985259056,1.22628688812
10420,2.9484500885,1.06920433044
10430,2.96025800705,1.06941854954
10440,2.98107123375,1.14216530323
10450,2.83373880386,1.00510382652
10460,3.1270532608,1.18084681034
10470,2.98577594757,1.06220412254
10480,2.98607945442,1.11080491543
10490,2.84619522095,1.06387174129
10500,2.89375734329,1.12104988098
10510,3.06861519814,1.15732932091
10520,2.96136951447,1.15195393562
10530,3.15160107613,1.14415562153
10540,2.82497930527,1.05236804485
10550,2.75718593597,1.11524498463
10560,2.84102010727,1.08786809444
10570,2.97136807442,1.18234884739
10580,2.82857561111,1.11019456387
10590,2.92054986954,1.13148629665
10600,3.0142428875,1.15708529949
10610,2.89585256577,1.10491871834
10620,3.04380393028,1.18428301811
10630,2.765406847,1.09446692467
10640,2.79073596001,1.20552158356
10650,2.96390223503,1.12104570866
10660,2.91053533554,1.08527076244
10670,2.90772008896,1.08781802654
10680,3.09124135971,1.08818650246
10690,2.91555213928,1.01169407368
10700,2.9619410038,1.14116919041
10710,2.94171953201,1.05980622768
10720,2.75371861458,1.05316925049
10730,2.96391105652,1.18406176567
10740,2.99160647392,1.20279932022
10750,3.01111745834,1.06708836555
10760,3.04348063469,1.12436079979
10770,2.99797081947,1.23410713673
10780,3.11981034279,1.17515397072
10790,2.95829367638,1.09598124027
10800,2.94422125816,1.10406732559
10810,2.87476849556,1.06911158562
10820,2.96797299385,1.21433627605
10830,2.88828778267,1.04556787014
10840,2.64740037918,1.07609689236
10850,2.82834553719,1.0817605257
10860,3.08911466599,1.04266524315
10870,2.90597081184,1.14176464081
10880,2.81245541573,1.16256868839
10890,3.13994693756,1.10332715511
10900,2.94655370712,1.13365197182
10910,2.76826620102,1.24525988102
10920,2.95876264572,1.28224110603
10930,3.07230710983,1.1758967638
10940,3.04157042503,1.28705716133
10950,2.83430671692,1.13348531723
10960,2.93098378181,1.15619587898
10970,2.92432498932,1.21550643444
10980,2.89754128456,1.11526918411
10990,2.59365987778,1.16752624512
11000,2.8474881649,1.05140638351
11010,2.86179947853,1.07558429241
11020,3.1015162468,1.31224012375
11030,2.98230147362,1.23045861721
11040,2.88961434364,1.11346268654
11050,3.12377405167,1.12145709991
11060,2.86465263367,1.09638917446
11070,2.89377713203,1.10472011566
11080,3.090290308,1.13426363468
11090,2.82240796089,1.04151308537
11100,3.09776306152,1.10460317135
11110,2.92110896111,1.05859744549
11120,2.95077466965,1.07308578491
11130,3.11830615997,1.09365034103
11140,2.98488998413,1.11690747738
11150,2.79120659828,1.0484213829
11160,2.73740887642,1.05950629711
11170,2.98333907127,1.1399834156
11180,2.97653889656,1.08849620819
11190,2.96258091927,1.11981523037
11200,2.83914709091,1.1284481287
11210,2.83442831039,1.1539593935
11220,2.73334622383,1.15247452259
11230,2.93486785889,1.18134367466
11240,2.96716022491,1.16101288795
11250,2.72889828682,1.06502389908
11260,2.73437047005,1.02882432938
11270,2.78507900238,1.09827101231
11280,2.99867939949,1.22194170952
11290,2.97160720825,1.12949001789
11300,2.83277177811,1.24638688564
11310,2.85178971291,1.06494808197
11320,2.77813196182,1.16620123386
11330,2.77845859528,1.26089704037
11340,2.82567381859,1.11325013638
11350,2.80587553978,1.10782504082
11360,2.96336388588,1.15643501282
11370,2.76284599304,1.1036400795
11380,2.7419667244,1.04780423641
11390,2.97957587242,1.12076318264
11400,2.91673493385,1.11041688919
11410,3.12051010132,1.13817310333
11420,2.8065199852,1.17224991322
11430,3.01994228363,1.06724321842
11440,2.95915699005,1.15946042538
11450,2.90762233734,1.25161194801
11460,2.98256063461,1.13128447533
11470,3.02490758896,1.15802156925
11480,2.98203206062,1.13047683239
11490,3.18776273727,1.16386914253
11500,2.83104705811,1.10674464703
11510,2.86855387688,1.13527655602
11520,2.81446433067,1.18892788887
11530,2.86473417282,1.08301603794
11540,2.93380522728,1.16496944427
11550,2.99977469444,1.17919516563
11560,2.94286894798,1.27519381046
11570,2.95219564438,1.26770043373
11580,2.68526768684,1.07496130466
11590,2.8134162426,1.12972247601
11600,2.80252504349,1.3344720602
11610,2.89820718765,1.25399565697
11620,2.92368936539,1.18065011501
11630,2.84120464325,1.14147222042
11640,3.02439808846,1.26950967312
11650,2.82598161697,1.02872908115
11660,2.71739435196,1.19724845886
11670,3.02083468437,1.19101750851
11680,2.81075811386,1.07221889496
11690,3.20797944069,1.23471748829
11700,2.98634529114,1.12471604347
11710,2.9899520874,1.17468631268
11720,2.73793816566,1.11377108097
11730,2.94366884232,1.21342992783
11740,2.79795575142,1.16008484364
11750,2.76233458519,1.22265970707
11760,2.85179591179,1.15113437176
11770,2.90430498123,1.19878435135
11780,2.87532520294,1.16752040386
11790,3.00878357887,1.13830256462
11800,2.91532421112,1.17360627651
11810,2.87748575211,1.11195147038
11820,2.80176925659,1.173355937
11830,2.83243250847,1.18765974045
11840,2.83311772346,1.28431642056
11850,2.80044722557,1.15470802784
11860,2.88287591934,1.19735074043
11870,2.78364014626,1.21805465221
11880,2.98689651489,1.14930713177
11890,2.79546570778,1.11313545704
11900,2.88021111488,1.2094168663
11910,2.9261329174,1.27449011803
11920,2.61067414284,1.11932957172
11930,2.83232235909,1.15699255466
11940,3.06740641594,1.19585418701
11950,2.90183806419,1.15260803699
11960,2.76349592209,1.22609996796
11970,2.8329975605,1.21871376038
11980,3.0378305912,1.19490349293
11990,2.92715787888,1.14056861401
12000,2.81335616112,1.28222966194
12010,2.88368105888,1.22739505768
12020,2.84211468697,1.26579225063
12030,2.83616185188,1.12403440475
12040,2.85130548477,1.13260769844
12050,2.96977782249,1.19306540489
12060,2.80324101448,1.10325849056
12070,3.08350849152,1.26499247551
12080,2.73783111572,1.19173276424
12090,2.70714592934,1.18155920506
12100,3.08649802208,1.3265696764
12110,2.77637004852,1.02522659302
12120,2.89201879501,1.17633426189
12130,3.00256586075,1.23431169987
12140,2.90678024292,1.23106181622
12150,2.80064415932,1.22603523731
12160,3.0288143158,1.23602092266
12170,2.86029720306,1.1911444664
12180,2.77463555336,1.22529995441
12190,2.62494444847,1.17610609531
12200,2.71572351456,1.19117259979
12210,2.7307946682,1.16326069832
12220,2.86494708061,1.20656549931
12230,2.87327718735,1.12661278248
12240,2.96566343307,1.1201300621
12250,2.80018830299,1.13951468468
12260,2.85216665268,1.11845672131
12270,2.52252578735,1.18705499172
12280,2.76220345497,1.23100566864
12290,2.73621296883,1.13347387314
12300,2.90969586372,1.36756145954
12310,2.74505805969,1.10609531403
12320,2.88410401344,1.09142065048
12330,2.96444034576,1.16620826721
12340,2.76132774353,1.14812898636
12350,2.83859467506,1.15513432026
12360,2.82824277878,1.14140534401
12370,2.77450895309,1.15920424461
12380,3.01124191284,1.12682521343
12390,2.76813817024,1.0133510828
12400,2.6047077179,1.07289266586
12410,2.77911233902,1.23822069168
12420,2.86673307419,1.1444067955
12430,2.84203267097,1.20312917233
12440,2.85075926781,1.15133488178
12450,2.79011154175,1.24026834965
12460,2.76751995087,1.17675602436
12470,2.91774868965,1.221159935
12480,2.84979367256,1.2290982008
12490,2.72149944305,1.15946090221
12500,2.75738096237,1.17121958733
12510,2.86011815071,1.22094810009
12520,2.78808450699,1.15480029583
12530,2.86380362511,1.16472506523
12540,2.84234046936,1.22831261158
12550,2.8692715168,1.19082057476
12560,2.80359244347,1.38180589676
12570,3.053409338,1.32043635845
12580,2.83199310303,1.19890749454
12590,3.06355476379,1.19358515739
12600,2.84880256653,1.24573886395
12610,2.68324327469,1.19026207924
12620,2.71881175041,1.19402456284
12630,2.75381016731,1.17687511444
12640,3.01138424873,1.25293314457
12650,2.84013414383,1.13273704052
12660,2.64950180054,1.12988603115
12670,3.04851937294,1.2747887373
12680,2.83224225044,1.3867815733
12690,2.82509970665,1.24003863335
12700,2.8348839283,1.14340043068
12710,2.89989948273,1.12770164013
12720,2.87140631676,1.25406801701
12730,2.86898684502,1.225908041
12740,2.65906953812,1.12291014194
12750,2.89788603783,1.3441580534
12760,2.99768519402,1.19358670712
12770,2.95836210251,1.20334553719
12780,2.90322089195,1.19652879238
12790,3.01531553268,1.19946336746
12800,2.72445988655,1.18961679935
12810,2.88649535179,1.33012509346
12820,2.89059972763,1.21936547756
12830,3.03208971024,1.27623093128
12840,3.06900286674,1.27007770538
12850,2.98465061188,1.13512611389
12860,2.9332318306,1.17648768425
12870,2.8206808567,1.11139082909
12880,2.92544817924,1.16067743301
12890,2.9005177021,1.38697493076
12900,2.99284601212,1.22853791714
12910,2.95686435699,1.17499756813
12920,2.67860531807,1.21961832047
12930,2.86535835266,1.2446180582
12940,2.85285234451,1.22921693325
12950,2.74650669098,1.21166503429
12960,2.9073138237,1.22380650043
12970,2.82886624336,1.16918098927
12980,2.95887064934,1.23325335979
12990,2.60808634758,1.0985929966
13000,2.9793035984,1.3105019331
13010,2.8045167923,1.19607937336
13020,2.81807994843,1.13940763474
13030,2.67422032356,1.18647170067
13040,2.93265914917,1.18361973763
13050,2.83979988098,1.27793526649
13060,2.50937056541,1.20241427422
13070,2.90543413162,1.22889494896
13080,2.60252213478,1.17803227901
13090,2.62120580673,1.14690244198
13100,2.75018692017,1.15019977093
13110,2.67367577553,1.23014342785
13120,2.78551506996,1.18609189987
13130,2.95603775978,1.13772881031
13140,2.75274896622,1.24481451511
13150,2.70819616318,1.18100500107
13160,2.72863006592,1.30976855755
13170,2.90279746056,1.22167801857
13180,2.91695022583,1.21121394634
13190,2.70199680328,1.15174520016
13200,2.93311429024,1.16893446445
13210,2.64437055588,1.26188588142
13220,2.71191167831,1.15484428406
13230,2.78611660004,1.23030936718
13240,2.71328902245,1.18764293194
13250,2.77890253067,1.27991831303
13260,2.68682765961,1.17337656021
13270,2.80694818497,1.22500288486
13280,2.85461497307,1.28057956696
13290,2.69292092323,1.38023245335
13300,2.74282097816,1.18668615818
13310,2.70435166359,1.19781327248
13320,2.66259217262,1.20742285252
13330,2.84832978249,1.23692822456
13340,2.84697937965,1.22716522217
13350,2.92065191269,1.27905797958
13360,2.78540825844,1.22252428532
13370,2.79206132889,1.23378551006
13380,2.85630273819,1.2236623764
13390,2.68290567398,1.23326563835
13400,2.98435020447,1.25903618336
13410,2.92054057121,1.24757063389
13420,2.86550211906,1.14308738708
13430,2.82608771324,1.29885828495
13440,2.80147886276,1.15485787392
13450,2.83992648125,1.18989241123
13460,2.76745343208,1.22697019577
13470,2.8493578434,1.33665859699
13480,2.7377538681,1.17090344429
13490,2.96856236458,1.27988386154
13500,2.79884958267,1.24249470234
13510,2.76171183586,1.29090607166
13520,2.77813982964,1.26370441914
13530,2.80154633522,1.22578537464
13540,2.65262150764,1.22459995747
13550,2.77767014503,1.22817063332
13560,2.9675924778,1.30834317207
13570,2.66970515251,1.11770641804
13580,2.8889439106,1.29623258114
13590,2.77432894707,1.16200065613
13600,2.55111336708,1.18613147736
13610,2.91716361046,1.31776738167
13620,2.85005235672,1.3379817009
13630,2.90094041824,1.1977686882
13640,2.74086332321,1.2909758091
13650,3.00159335136,1.30104982853
13660,2.90548324585,1.17506504059
13670,2.92624545097,1.31384062767
13680,2.87793254852,1.212895751
13690,2.77050042152,1.17435145378
13700,2.72665047646,1.24194943905
13710,2.78594255447,1.18374586105
13720,2.77741622925,1.19849288464
13730,2.80454230309,1.17082631588
13740,2.98329663277,1.18892014027
13750,2.76524829865,1.25139784813
13760,2.84630227089,1.26794731617
13770,2.81462931633,1.21108722687
13780,2.75732398033,1.25053870678
13790,2.98159313202,1.19590675831
13800,2.74905610085,1.26690232754
13810,2.8120162487,1.26859033108
13820,2.99680542946,1.31419241428
13830,2.89220619202,1.18443655968
13840,2.911921978,1.25781869888
13850,2.94508695602,1.29613423347
13860,2.6982049942,1.3604722023
13870,2.89897871017,1.44514274597
13880,2.78140306473,1.40102028847
13890,2.84449529648,1.16432964802
13900,2.72980666161,1.1987310648
13910,2.7250123024,1.26629400253
13920,2.88139772415,1.32572829723
13930,2.88663697243,1.36311721802
13940,2.56884002686,1.21633481979
13950,2.64223980904,1.16672623158
13960,2.82253861427,1.23461711407
13970,2.80540156364,1.27797615528
13980,2.55240821838,1.1841429472
13990,2.82392477989,1.18771278858
14000,2.69961953163,1.25608432293
14010,2.72452044487,1.23520994186
14020,2.55202031136,1.22599351406
14030,2.70331645012,1.22128343582
14040,2.81864762306,1.18838429451
14050,2.83009696007,1.39438545704
14060,2.66769170761,1.18296778202
14070,2.84246277809,1.24029493332
14080,2.74733734131,1.2842208147
14090,2.54570245743,1.30237984657
14100,2.6624379158,1.26770687103
14110,2.65317702293,1.16519463062
14120,2.95507788658,1.25851023197
14130,2.78352618217,1.4077436924
14140,2.8706176281,1.25937509537
14150,2.87286043167,1.35017907619
14160,2.69459104538,1.22565126419
14170,2.72232484818,1.09618520737
14180,2.62158536911,1.20551526546
14190,2.85019779205,1.353733778
14200,2.77904629707,1.17282807827
14210,2.72329163551,1.32722294331
14220,2.62162613869,1.12597560883
14230,2.92281007767,1.29588735104
14240,2.69043278694,1.182279706
14250,2.67783999443,1.31597363949
14260,2.70717859268,1.1987234354
14270,2.81814789772,1.24574434757
14280,2.84325575829,1.26917672157
14290,2.74171733856,1.28906738758
14300,2.78819012642,1.15848720074
14310,2.60240507126,1.21570289135
14320,2.70752668381,1.22322201729
14330,2.77444028854,1.24124205112
14340,2.66232013702,1.15805923939
14350,2.71799230576,1.1981742382
14360,2.72273206711,1.482894063
14370,2.63423681259,1.19785630703
14380,2.63690495491,1.25930666924
14390,2.58729815483,1.3720241785
14400,2.769718647,1.29886591434
14410,2.92861747742,1.18848538399
14420,2.94217944145,1.36758613586
14430,2.63871145248,1.27431702614
14440,2.80312371254,1.28575861454
14450,2.804479599,1.28772783279
14460,2.81497478485,1.28336071968
14470,2.88178825378,1.30641055107
14480,2.67350888252,1.27444374561
14490,2.74771094322,1.23966217041
14500,2.75938892365,1.29756605625
14510,2.74482035637,1.30060768127
14520,2.84080672264,1.28542745113
14530,2.87932372093,1.23434627056
14540,2.94071388245,1.24356484413
14550,2.79810142517,1.23462069035
14560,2.56719183922,1.1673886776
14570,2.71276450157,1.31518042088
14580,2.78099417686,1.20748531818
14590,2.99421620369,1.23259341717
14600,3.05058693886,1.32166731358
14610,2.68478059769,1.13572824001
14620,2.8815805912,1.32205104828
14630,2.82906699181,1.30907928944
14640,2.67831850052,1.26800048351
14650,2.63285398483,1.22152066231
14660,2.7429933548,1.26174676418
14670,2.82589483261,1.31379139423
14680,2.73564958572,1.28711211681
14690,2.74226045609,1.49477732182
14700,2.73436188698,1.28636670113
14710,2.82283592224,1.3489780426
14720,2.75937581062,1.22778022289
14730,2.65910124779,1.19105696678
14740,2.93386864662,1.60502827168
14750,2.55320596695,1.23758196831
14760,2.72792077065,1.25456905365
14770,2.89594507217,1.37585198879
14780,2.82514047623,1.30264258385
14790,2.73217701912,1.26874053478
14800,2.57152557373,1.33061563969
14810,2.75411653519,1.35864055157
14820,2.78220105171,1.30646681786
14830,2.69948983192,1.32471168041
14840,2.71902918816,1.28681063652
14850,2.91554427147,1.30678641796
14860,3.02131676674,1.37486982346
14870,2.5855755806,1.21807515621
14880,2.6398358345,1.20308661461
14890,2.56141591072,1.2301595211
14900,2.8462843895,1.19625890255
14910,2.85774755478,1.31288731098
14920,2.62330627441,1.25492990017
14930,2.58444333076,1.21255719662
14940,2.52423071861,1.27682554722
14950,2.550365448,1.3554264307
14960,2.64428448677,1.28057205677
14970,2.6519780159,1.3820297718
14980,2.71990180016,1.224178195
14990,2.7588057518,1.40832710266
15000,2.80058670044,1.24670827389
15010,2.59473514557,1.23369300365
15020,2.70324850082,1.31881475449
15030,2.87006902695,1.37903904915
15040,2.71071052551,1.33994603157
15050,2.77446293831,1.29351735115
15060,2.56542992592,1.22625458241
15070,2.71623182297,1.21878182888
15080,2.61168217659,1.2173781395
15090,2.6720032692,1.28040266037
15100,2.68604183197,1.32476735115
15110,2.83119487762,1.23497343063
15120,2.72319173813,1.30399918556
15130,2.80019211769,1.27878057957
15140,2.84765601158,1.28048455715
15150,2.76932740211,1.30711042881
15160,2.58267045021,1.24317479134
15170,2.98735237122,1.21652436256
15180,2.79005384445,1.47156488895
15190,2.54827594757,1.29640328884
15200,2.66733074188,1.16242647171
15210,2.52540874481,1.31585776806
15220,2.71358013153,1.3003385067
15230,2.66200017929,1.30058789253
15240,2.69773626328,1.33003544807
15250,2.73140215874,1.25249576569
15260,2.63899898529,1.33603394032
15270,2.56511688232,1.32118403912
15280,2.84237551689,1.38986778259
15290,2.82441401482,1.30482435226
15300,2.70475625992,1.56516301632
15310,2.8709666729,1.43532776833
15320,2.84483981133,1.36807882786
15330,2.85304260254,1.38970005512
15340,2.57554864883,1.25075805187
15350,2.64359259605,1.36523759365
15360,2.90920448303,1.40432679653
15370,2.65176844597,1.34544491768
15380,2.62168073654,1.18578457832
15390,2.66544222832,1.21842801571
15400,2.72465372086,1.38462615013
15410,2.59983301163,1.22100806236
15420,2.60495686531,1.20708799362
15430,2.72374558449,1.23606514931
15440,2.76667833328,1.34784924984
15450,2.5818862915,1.20836246014
15460,2.78243350983,1.41974747181
15470,2.81879353523,1.33568656445
15480,2.65733957291,1.39519834518
15490,2.53698015213,1.26332831383
15500,2.60352826118,1.35311055183
15510,2.73539447784,1.28416121006
15520,2.82912969589,1.39517724514
15530,2.54264307022,1.38284516335
15540,2.78550982475,1.26021146774
15550,2.58690094948,1.36978495121
15560,2.72575426102,1.31843805313
15570,2.90979504585,1.34452211857
15580,2.59260344505,1.38352847099
15590,2.75667190552,1.40867435932
15600,2.73915457726,1.35189855099
15610,2.63916373253,1.27273273468
15620,2.54016423225,1.24779927731
15630,nan,nan
15640,nan,nan
15650,nan,nan
15660,nan,nan
15670,nan,nan
15680,nan,nan
15690,nan,nan
15700,nan,nan
15710,nan,nan
15720,nan,nan
15730,nan,nan
15740,nan,nan
15750,nan,nan
15760,nan,nan
15770,nan,nan
15780,nan,nan
15790,nan,nan
15800,nan,nan
15810,nan,nan
15820,nan,nan
15830,nan,nan
15840,nan,nan
15850,nan,nan
15860,nan,nan
15870,nan,nan
15880,nan,nan
15890,nan,nan
15900,nan,nan
15910,nan,nan
15920,nan,nan
15930,nan,nan
15940,nan,nan
15950,nan,nan
15960,nan,nan
15970,nan,nan
15980,nan,nan
15990,nan,nan
16000,nan,nan
16010,nan,nan
16020,nan,nan
16030,nan,nan
16040,nan,nan
16050,nan,nan
16060,nan,nan
16070,nan,nan
16080,nan,nan
16090,nan,nan
16100,nan,nan
16110,nan,nan
16120,nan,nan
16130,nan,nan
16140,nan,nan
16150,nan,nan
16160,nan,nan
16170,nan,nan
16180,nan,nan
16190,nan,nan
16200,nan,nan
16210,nan,nan
16220,nan,nan
16230,nan,nan
16240,nan,nan
16250,nan,nan
16260,nan,nan
16270,nan,nan
16280,nan,nan
16290,nan,nan
16300,nan,nan
16310,nan,nan
16320,nan,nan
